Job Title,Company,Location,Job Link
Senior Data Engineer,Alqen,ğŸŒ Worldwide,https://remoteok.com/remote-jobs/remote-senior-data-engineer-alqen-664520
Principal Software Engineer Data Scientist,Cardlytics,ğŸŒ Probably worldwide,https://remoteok.com/remote-jobs/109456-remote-principal-software-engineer-data-scientist-cardlytics
Principal Software Engineer Applied Science Data Science,Cardlytics,ğŸŒ Probably worldwide,https://remoteok.com/remote-jobs/109197-remote-principal-software-engineer-applied-science-data-science-cardlytics
Marketing Data Scientist,Recast,ğŸ‡ºğŸ‡¸ United States,https://remoteok.com/remote-jobs/107901-remote-marketing-data-scientist-recast
Machine learning engineer for large scale ML project,OneSecondDelivery,ğŸ’ƒ Latin America,https://remoteok.com/remote-jobs/106921-remote-machine-learning-engineer-for-large-scale-ml-project-oneseconddelivery
Data Scientist,Ampcontrol,ğŸŒ Worldwide,https://remoteok.com/remote-jobs/103561-remote-data-scientist-ampcontrol
Staff Data Scientist,Shopify,ğŸ‡¨ğŸ‡¦ Canada,https://remoteok.com/remote-jobs/103485-remote-staff-data-scientist-shopify
Senior Data Scientist,Shopify,ğŸ‡ºğŸ‡¸ United States,https://remoteok.com/remote-jobs/103484-remote-senior-data-scientist-shopify
Senior Data Scientist,NannyML,ğŸ‡ªğŸ‡º Europe,https://remoteok.com/remote-jobs/103333-remote-senior-data-scientist-nannyml
Technical Community Manager,Iterative,ğŸŒ Worldwide,https://remoteok.com/remote-jobs/99931-remote-technical-community-manager-iterative
Backend Developer Data Scientist,komoot,ğŸ‡ªğŸ‡º Europe,https://remoteok.com/remote-jobs/99798-remote-backend-developer-data-scientist-komoot
Marketing Data Analyst,Automattic,ğŸŒ Probably worldwide,https://remoteok.com/remote-jobs/19914-remote-marketing-data-analyst-automattic
Software Developer,EcoHealth Alliance,ğŸ‡ºğŸ‡¸ United States,https://remoteok.com/remote-jobs/3641-remote-software-developer-ecohealth-alliance
Software Developer,EcoHealth Alliance,ğŸ‡ºğŸ‡¸ United States,https://remoteok.com/remote-jobs/5392-remote-software-developer-ecohealth-alliance
DevOps Engineer,EcoHealth Alliance,ğŸ‡ºğŸ‡¸ United States,https://remoteok.com/remote-jobs/3642-remote-devops-engineer-ecohealth-alliance
DevOps Engineer,EcoHealth Alliance,ğŸ‡ºğŸ‡¸ United States,https://remoteok.com/remote-jobs/5393-remote-devops-engineer-ecohealth-alliance
Python Developer,Ampcontrol.io,ğŸŒ Worldwide,https://remoteok.com/remote-jobs/109109-remote-python-developer-ampcontrol-io
Senior Data Analyst,Komoot,ğŸ‡ªğŸ‡º Europe,https://remoteok.com/remote-jobs/108914-remote-senior-data-analyst-komoot
Senior Software Engineer,Relevance AI,ğŸŒ Worldwide,https://remoteok.com/remote-jobs/108307-remote-senior-software-engineer-relevance-ai
Senior Data Analyst,Whimsical,ğŸ‡ºğŸ‡¸ United States,https://remoteok.com/remote-jobs/107861-remote-senior-data-analyst-whimsical
Marketing Data Scientist,Recast,ğŸ‡ºğŸ‡¸ United States,https://remoteok.com/remote-jobs/107901-remote-marketing-data-scientist-recast
Data Scientist Performance Media,Horizon Media Holdings,ğŸŒ Probably worldwide,https://remoteok.com/remote-jobs/107653-remote-data-scientist-performance-media-horizon-media-holdings
Senior Data Analyst,Komoot,ğŸ‡ªğŸ‡º Europe,https://remoteok.com/remote-jobs/107049-remote-senior-data-analyst-komoot
Senior Data Scientist,Komoot,ğŸ‡ªğŸ‡º Europe,https://remoteok.com/remote-jobs/107047-remote-senior-data-scientist-komoot
Machine learning engineer for large scale ML project,OneSecondDelivery,ğŸ’ƒ Latin America,https://remoteok.com/remote-jobs/106921-remote-machine-learning-engineer-for-large-scale-ml-project-oneseconddelivery
Sr Data Scientist Custom Text Search,Clevertech,ğŸŒ Worldwide,https://remoteok.com/remote-jobs/106868-remote-sr-data-scientist-custom-text-search-clevertech
Data Scientist,AlphaSights,ğŸ‡ºğŸ‡¸ United States,https://remoteok.com/remote-jobs/106136-remote-data-scientist-alphasights
Developer Advocate,Iterative,ğŸŒ Worldwide,https://remoteok.com/remote-jobs/100865-remote-developer-advocate-iterative
Machine Learning Engineer,Jupiter,ğŸŒ Worldwide,https://remoteok.com/remote-jobs/remote-machine-learning-engineer-jupiter-105760
Data Scientist Chorus One,Cryptocurrency Startup,ğŸŒ Probably worldwide,https://remoteok.com/remote-jobs/104602-remote-data-scientist-chorus-one-cryptocurrency-startup
Data Scientist,Gradient Metrics,ğŸŒ Probably worldwide,https://remoteok.com/remote-jobs/104098-remote-data-scientist-gradient-metrics
Computer Scientist,Ampcontrol,ğŸŒ Worldwide,https://remoteok.com/remote-jobs/103951-remote-computer-scientist-ampcontrol
Director of Engineering,Jungle Scout,ğŸŒ North America,https://remoteok.com/remote-jobs/103789-remote-director-of-engineering-jungle-scout
Data Scientist,AlphaSights,ğŸŒ Worldwide,https://remoteok.com/remote-jobs/103384-remote-data-scientist-alphasights
Financial Data Analyst,Summit CPA Group,ğŸŒ Probably worldwide,https://remoteok.com/remote-jobs/103602-remote-financial-data-analyst-summit-cpa-group
"Developer Data Science Platform (Eschborn, Deutschland)",German Edge Cloud & Co. KG,ğŸŒ Probably worldwide,https://remoteok.com/remote-jobs/103597-remote-developer-data-science-platform-german-edge-cloud-co-kg
